user_id,assignment_id,grade
0Bb2zMzQAL,6XlCvM3aaJ,89
0Bb2zMzQAL,EFcd2UX7iA,84
0Bb2zMzQAL,FIIDkWRYE8,99
0Bb2zMzQAL,P6dCuTfhL9,61
0Bb2zMzQAL,dwT3TQ907Y,69
0Bb2zMzQAL,rArzTQgbq6,85
0Bb2zMzQAL,sGIYBPpSTY,10
0nYGfSzH52,2PbSzqIZKM,100
0nYGfSzH52,30bCytC7WE,20
0nYGfSzH52,34HpaB4gDt,57
0nYGfSzH52,5ggiSZO7x8,45
0nYGfSzH52,72ZdKO3gz4,33
0nYGfSzH52,8ovYRO0ntq,26
0nYGfSzH52,HSiN7nd3n6,34
0nYGfSzH52,JmdWFmOl4h,58
0nYGfSzH52,NGEFrY7B4w,83
0nYGfSzH52,Pw6oyjre67,20
0nYGfSzH52,Q3QNqMPOqc,80
0nYGfSzH52,TWi8qY0SEi,75
0nYGfSzH52,VDD8WsiCtM,63
0nYGfSzH52,W2GuP0QCJd,71
0nYGfSzH52,WbEpvF1Olv,44
0nYGfSzH52,irxkoWsh2w,99
0nYGfSzH52,jqUu7vGArm,25
0nYGfSzH52,kuY3dCWqbX,56
0nYGfSzH52,lz4LQFymve,27
0nYGfSzH52,xzdHpBtowO,3
1aRjlUAYpO,22CCBupmn1,79
1aRjlUAYpO,6S1gC0D99c,
1aRjlUAYpO,6XlCvM3aaJ,79
1aRjlUAYpO,7fHqljihO1,30
1aRjlUAYpO,EFcd2UX7iA,68
1aRjlUAYpO,FIIDkWRYE8,100
1aRjlUAYpO,P6dCuTfhL9,88
1aRjlUAYpO,dwT3TQ907Y,76
1aRjlUAYpO,gPT3Xxdacl,
1aRjlUAYpO,pupQhhRzA0,67
1aRjlUAYpO,rArzTQgbq6,68
1aRjlUAYpO,sGIYBPpSTY,47
1aRjlUAYpO,sWo96MatFm,98
1aRjlUAYpO,wBu4IQNg7h,52
2ruNWPmicg,594LbuZBRv,66
2ruNWPmicg,8MV9S7p9Rk,29
2ruNWPmicg,EbdPHQAUvI,119
2ruNWPmicg,FWmu610qT1,77
2ruNWPmicg,HoRJjBmfkT,98
2ruNWPmicg,KJCgLOvO49,49
2ruNWPmicg,KaDPuRlWHM,58
2ruNWPmicg,Qe08sCCtkf,9
2ruNWPmicg,T9LtdisnCO,93
2ruNWPmicg,cOgFV4CvSw,83
2ruNWPmicg,eMKsSbTaGJ,56
2ruNWPmicg,j3UXahLG7u,49
2ruNWPmicg,nIiBGMzaqI,48
2ruNWPmicg,pdUvgmB57W,94
2ruNWPmicg,tdd2gYuy2Q,37
2ruNWPmicg,wHkLv5EaIv,23
4D8d5NFQey,2PbSzqIZKM,96
4D8d5NFQey,30bCytC7WE,29
4D8d5NFQey,34HpaB4gDt,56
4D8d5NFQey,5ggiSZO7x8,35
4D8d5NFQey,72ZdKO3gz4,94
4D8d5NFQey,8ovYRO0ntq,63
4D8d5NFQey,HSiN7nd3n6,149
4D8d5NFQey,JmdWFmOl4h,48
4D8d5NFQey,NGEFrY7B4w,74
4D8d5NFQey,Pw6oyjre67,31
4D8d5NFQey,Q3QNqMPOqc,92
4D8d5NFQey,TWi8qY0SEi,36
4D8d5NFQey,VDD8WsiCtM,63
4D8d5NFQey,W2GuP0QCJd,58
4D8d5NFQey,WbEpvF1Olv,46
4D8d5NFQey,irxkoWsh2w,67
4D8d5NFQey,jqUu7vGArm,38
4D8d5NFQey,kuY3dCWqbX,41
4D8d5NFQey,lz4LQFymve,69
4D8d5NFQey,xzdHpBtowO,3
4RygfhpS1h,2wQQ933Qex,50
4RygfhpS1h,6sEoqvfzYh,
4RygfhpS1h,GimIAQoEhe,68
4RygfhpS1h,N7X7CTZc0P,28
4RygfhpS1h,Q5deudTxfL,
4RygfhpS1h,duOVF9fyPU,78
4RygfhpS1h,hLzOKunYUI,87
5xTn7laQAz,594LbuZBRv,92
5xTn7laQAz,8MV9S7p9Rk,57
5xTn7laQAz,EbdPHQAUvI,48
5xTn7laQAz,FWmu610qT1,25
5xTn7laQAz,HoRJjBmfkT,78
5xTn7laQAz,KJCgLOvO49,41
5xTn7laQAz,KaDPuRlWHM,27
5xTn7laQAz,Qe08sCCtkf,7
5xTn7laQAz,T9LtdisnCO,46
5xTn7laQAz,cOgFV4CvSw,92
5xTn7laQAz,eMKsSbTaGJ,42
5xTn7laQAz,j3UXahLG7u,95
5xTn7laQAz,nIiBGMzaqI,54
5xTn7laQAz,pdUvgmB57W,36
5xTn7laQAz,tdd2gYuy2Q,92
5xTn7laQAz,wHkLv5EaIv,28
77JVECgA9Y,2wQQ933Qex,57
77JVECgA9Y,6sEoqvfzYh,
77JVECgA9Y,GimIAQoEhe,74
77JVECgA9Y,N7X7CTZc0P,34
77JVECgA9Y,Q5deudTxfL,
77JVECgA9Y,duOVF9fyPU,82
77JVECgA9Y,hLzOKunYUI,60
82rggZxf5c,2wQQ933Qex,61
82rggZxf5c,6sEoqvfzYh,
82rggZxf5c,GimIAQoEhe,49
82rggZxf5c,N7X7CTZc0P,42
82rggZxf5c,Q5deudTxfL,
82rggZxf5c,duOVF9fyPU,67
82rggZxf5c,hLzOKunYUI,68
8BdlWK9mvn,2PbSzqIZKM,56
8BdlWK9mvn,30bCytC7WE,78
8BdlWK9mvn,34HpaB4gDt,41
8BdlWK9mvn,5ggiSZO7x8,96
8BdlWK9mvn,72ZdKO3gz4,56
8BdlWK9mvn,8ovYRO0ntq,74
8BdlWK9mvn,HSiN7nd3n6,103
8BdlWK9mvn,JmdWFmOl4h,74
8BdlWK9mvn,NGEFrY7B4w,87
8BdlWK9mvn,Pw6oyjre67,55
8BdlWK9mvn,Q3QNqMPOqc,46
8BdlWK9mvn,TWi8qY0SEi,77
8BdlWK9mvn,VDD8WsiCtM,86
8BdlWK9mvn,W2GuP0QCJd,68
8BdlWK9mvn,WbEpvF1Olv,77
8BdlWK9mvn,irxkoWsh2w,47
8BdlWK9mvn,jqUu7vGArm,100
8BdlWK9mvn,kuY3dCWqbX,57
8BdlWK9mvn,lz4LQFymve,63
8BdlWK9mvn,xzdHpBtowO,9
8uv1aK9btU,6XlCvM3aaJ,91
8uv1aK9btU,6g87xRW3rx,94
8uv1aK9btU,9tEYU0Tu9v,84
8uv1aK9btU,EFcd2UX7iA,65
8uv1aK9btU,FIIDkWRYE8,83
8uv1aK9btU,IscGscr2jK,62
8uv1aK9btU,MiXZLCwsJK,88
8uv1aK9btU,P6dCuTfhL9,98
8uv1aK9btU,dczVfOKe0F,76
8uv1aK9btU,dwT3TQ907Y,99
8uv1aK9btU,hcFF1sLv1P,114
8uv1aK9btU,rArzTQgbq6,70
8uv1aK9btU,sGIYBPpSTY,26
9mCMQL1myp,594LbuZBRv,97
9mCMQL1myp,8MV9S7p9Rk,37
9mCMQL1myp,EbdPHQAUvI,48
9mCMQL1myp,FWmu610qT1,24
9mCMQL1myp,HoRJjBmfkT,81
9mCMQL1myp,KJCgLOvO49,47
9mCMQL1myp,KaDPuRlWHM,54
9mCMQL1myp,Qe08sCCtkf,1
9mCMQL1myp,T9LtdisnCO,48
9mCMQL1myp,cOgFV4CvSw,63
9mCMQL1myp,eMKsSbTaGJ,84
9mCMQL1myp,j3UXahLG7u,72
9mCMQL1myp,nIiBGMzaqI,73
9mCMQL1myp,pdUvgmB57W,92
9mCMQL1myp,tdd2gYuy2Q,46
9mCMQL1myp,wHkLv5EaIv,26
9wHtriXf8s,2wQQ933Qex,83
9wHtriXf8s,6sEoqvfzYh,
9wHtriXf8s,GimIAQoEhe,89
9wHtriXf8s,N7X7CTZc0P,22
9wHtriXf8s,Q5deudTxfL,
9wHtriXf8s,duOVF9fyPU,73
9wHtriXf8s,hLzOKunYUI,46
A1Kcf8Z1u3,2PbSzqIZKM,67
A1Kcf8Z1u3,30bCytC7WE,66
A1Kcf8Z1u3,34HpaB4gDt,98
A1Kcf8Z1u3,5ggiSZO7x8,58
A1Kcf8Z1u3,72ZdKO3gz4,83
A1Kcf8Z1u3,8ovYRO0ntq,88
A1Kcf8Z1u3,HSiN7nd3n6,106
A1Kcf8Z1u3,JmdWFmOl4h,94
A1Kcf8Z1u3,NGEFrY7B4w,78
A1Kcf8Z1u3,Pw6oyjre67,47
A1Kcf8Z1u3,Q3QNqMPOqc,93
A1Kcf8Z1u3,TWi8qY0SEi,67
A1Kcf8Z1u3,VDD8WsiCtM,62
A1Kcf8Z1u3,W2GuP0QCJd,95
A1Kcf8Z1u3,WbEpvF1Olv,58
A1Kcf8Z1u3,irxkoWsh2w,80
A1Kcf8Z1u3,jqUu7vGArm,98
A1Kcf8Z1u3,kuY3dCWqbX,30
A1Kcf8Z1u3,lz4LQFymve,70
A1Kcf8Z1u3,xzdHpBtowO,9
A3mMrNEFsy,6S1gC0D99c,
A3mMrNEFsy,7fHqljihO1,75
A3mMrNEFsy,LUvAvdTuCt,58
A3mMrNEFsy,gPT3Xxdacl,
A3mMrNEFsy,pupQhhRzA0,56
A3mMrNEFsy,sWo96MatFm,62
A3mMrNEFsy,wBu4IQNg7h,68
AnRRwDoMFm,6XlCvM3aaJ,50
AnRRwDoMFm,6g87xRW3rx,85
AnRRwDoMFm,9tEYU0Tu9v,77
AnRRwDoMFm,EFcd2UX7iA,91
AnRRwDoMFm,FIIDkWRYE8,89
AnRRwDoMFm,IscGscr2jK,93
AnRRwDoMFm,MiXZLCwsJK,65
AnRRwDoMFm,P6dCuTfhL9,95
AnRRwDoMFm,dczVfOKe0F,62
AnRRwDoMFm,dwT3TQ907Y,71
AnRRwDoMFm,hcFF1sLv1P,123
AnRRwDoMFm,rArzTQgbq6,94
AnRRwDoMFm,sGIYBPpSTY,20
AyZm6kgtLQ,2wQQ933Qex,78
AyZm6kgtLQ,6sEoqvfzYh,
AyZm6kgtLQ,GimIAQoEhe,89
AyZm6kgtLQ,N7X7CTZc0P,49
AyZm6kgtLQ,Q5deudTxfL,
AyZm6kgtLQ,duOVF9fyPU,67
AyZm6kgtLQ,hLzOKunYUI,67
DlK1RDF6DZ,B7P3TPNxGs,92
DlK1RDF6DZ,JKZMOG2ZPQ,72
DlK1RDF6DZ,YDPr4367oU,51
DlK1RDF6DZ,ZwnvP30tKQ,61
DlK1RDF6DZ,f2y5YTLubI,69
DlK1RDF6DZ,hKZxwsUEu4,67
DlK1RDF6DZ,mUGFAhI3md,49
DlK1RDF6DZ,pGgT9pfY13,40
DlK1RDF6DZ,ropVXdsf0o,3
DlK1RDF6DZ,w30p16a35Y,57
ECk9NPOnC1,2PbSzqIZKM,60
ECk9NPOnC1,30bCytC7WE,61
ECk9NPOnC1,34HpaB4gDt,88
ECk9NPOnC1,5ggiSZO7x8,86
ECk9NPOnC1,72ZdKO3gz4,94
ECk9NPOnC1,8ovYRO0ntq,93
ECk9NPOnC1,HSiN7nd3n6,103
ECk9NPOnC1,JmdWFmOl4h,51
ECk9NPOnC1,NGEFrY7B4w,88
ECk9NPOnC1,Pw6oyjre67,43
ECk9NPOnC1,Q3QNqMPOqc,86
ECk9NPOnC1,TWi8qY0SEi,69
ECk9NPOnC1,VDD8WsiCtM,60
ECk9NPOnC1,W2GuP0QCJd,81
ECk9NPOnC1,WbEpvF1Olv,69
ECk9NPOnC1,irxkoWsh2w,64
ECk9NPOnC1,jqUu7vGArm,67
ECk9NPOnC1,kuY3dCWqbX,53
ECk9NPOnC1,lz4LQFymve,97
ECk9NPOnC1,xzdHpBtowO,0
EIBGkZJ8LU,6XlCvM3aaJ,46
EIBGkZJ8LU,6g87xRW3rx,89
EIBGkZJ8LU,9tEYU0Tu9v,65
EIBGkZJ8LU,EFcd2UX7iA,50
EIBGkZJ8LU,FIIDkWRYE8,120
EIBGkZJ8LU,IscGscr2jK,45
EIBGkZJ8LU,MiXZLCwsJK,96
EIBGkZJ8LU,P6dCuTfhL9,64
EIBGkZJ8LU,dczVfOKe0F,76
EIBGkZJ8LU,dwT3TQ907Y,96
EIBGkZJ8LU,hcFF1sLv1P,91
EIBGkZJ8LU,rArzTQgbq6,91
EIBGkZJ8LU,sGIYBPpSTY,49
EWUS9AaKts,B7P3TPNxGs,54
EWUS9AaKts,JKZMOG2ZPQ,98
EWUS9AaKts,YDPr4367oU,54
EWUS9AaKts,ZwnvP30tKQ,67
EWUS9AaKts,f2y5YTLubI,89
EWUS9AaKts,hKZxwsUEu4,63
EWUS9AaKts,mUGFAhI3md,32
EWUS9AaKts,pGgT9pfY13,22
EWUS9AaKts,ropVXdsf0o,4
EWUS9AaKts,w30p16a35Y,119
F8SGo1rfbJ,30bCytC7WE,70
F8SGo1rfbJ,34HpaB4gDt,89
F8SGo1rfbJ,5ggiSZO7x8,36
F8SGo1rfbJ,8ovYRO0ntq,31
F8SGo1rfbJ,B7P3TPNxGs,99
F8SGo1rfbJ,JKZMOG2ZPQ,92
F8SGo1rfbJ,JmdWFmOl4h,53
F8SGo1rfbJ,TWi8qY0SEi,91
F8SGo1rfbJ,VDD8WsiCtM,86
F8SGo1rfbJ,W2GuP0QCJd,93
F8SGo1rfbJ,WbEpvF1Olv,81
F8SGo1rfbJ,YDPr4367oU,53
F8SGo1rfbJ,ZwnvP30tKQ,91
F8SGo1rfbJ,f2y5YTLubI,81
F8SGo1rfbJ,hKZxwsUEu4,53
F8SGo1rfbJ,jqUu7vGArm,40
F8SGo1rfbJ,mUGFAhI3md,43
F8SGo1rfbJ,pGgT9pfY13,26
F8SGo1rfbJ,ropVXdsf0o,6
F8SGo1rfbJ,w30p16a35Y,71
FGVfybCruk,8MV9S7p9Rk,44
FGVfybCruk,EbdPHQAUvI,132
FGVfybCruk,FWmu610qT1,99
FGVfybCruk,KJCgLOvO49,40
FGVfybCruk,KaDPuRlWHM,34
FGVfybCruk,Qe08sCCtkf,2
FGVfybCruk,eMKsSbTaGJ,21
FGVfybCruk,pdUvgmB57W,28
FGVfybCruk,tdd2gYuy2Q,41
FGVfybCruk,wHkLv5EaIv,38
I8k5HwpLlU,6XlCvM3aaJ,92
I8k5HwpLlU,6g87xRW3rx,51
I8k5HwpLlU,9tEYU0Tu9v,91
I8k5HwpLlU,EFcd2UX7iA,71
I8k5HwpLlU,FIIDkWRYE8,76
I8k5HwpLlU,IscGscr2jK,81
I8k5HwpLlU,MiXZLCwsJK,65
I8k5HwpLlU,P6dCuTfhL9,91
I8k5HwpLlU,dczVfOKe0F,67
I8k5HwpLlU,dwT3TQ907Y,87
I8k5HwpLlU,hcFF1sLv1P,52
I8k5HwpLlU,rArzTQgbq6,69
I8k5HwpLlU,sGIYBPpSTY,21
JEdJCRTwMu,30bCytC7WE,21
JEdJCRTwMu,34HpaB4gDt,62
JEdJCRTwMu,5ggiSZO7x8,47
JEdJCRTwMu,8ovYRO0ntq,45
JEdJCRTwMu,B7P3TPNxGs,96
JEdJCRTwMu,JKZMOG2ZPQ,78
JEdJCRTwMu,JmdWFmOl4h,40
JEdJCRTwMu,TWi8qY0SEi,70
JEdJCRTwMu,VDD8WsiCtM,86
JEdJCRTwMu,W2GuP0QCJd,77
JEdJCRTwMu,WbEpvF1Olv,38
JEdJCRTwMu,YDPr4367oU,97
JEdJCRTwMu,ZwnvP30tKQ,52
JEdJCRTwMu,f2y5YTLubI,98
JEdJCRTwMu,hKZxwsUEu4,92
JEdJCRTwMu,jqUu7vGArm,24
JEdJCRTwMu,mUGFAhI3md,43
JEdJCRTwMu,pGgT9pfY13,45
JEdJCRTwMu,ropVXdsf0o,6
JEdJCRTwMu,w30p16a35Y,141
Ki437ImMiB,594LbuZBRv,83
Ki437ImMiB,8MV9S7p9Rk,96
Ki437ImMiB,EbdPHQAUvI,121
Ki437ImMiB,FWmu610qT1,65
Ki437ImMiB,HoRJjBmfkT,95
Ki437ImMiB,KJCgLOvO49,56
Ki437ImMiB,KaDPuRlWHM,25
Ki437ImMiB,Qe08sCCtkf,0
Ki437ImMiB,T9LtdisnCO,62
Ki437ImMiB,cOgFV4CvSw,67
Ki437ImMiB,eMKsSbTaGJ,58
Ki437ImMiB,j3UXahLG7u,51
Ki437ImMiB,nIiBGMzaqI,53
Ki437ImMiB,pdUvgmB57W,99
Ki437ImMiB,tdd2gYuy2Q,95
Ki437ImMiB,wHkLv5EaIv,54
LRH33DL7sR,2wQQ933Qex,70
LRH33DL7sR,6sEoqvfzYh,
LRH33DL7sR,GimIAQoEhe,54
LRH33DL7sR,N7X7CTZc0P,29
LRH33DL7sR,Q5deudTxfL,
LRH33DL7sR,duOVF9fyPU,63
LRH33DL7sR,hLzOKunYUI,43
LbOIaCTwOR,30bCytC7WE,93
LbOIaCTwOR,34HpaB4gDt,46
LbOIaCTwOR,5ggiSZO7x8,72
LbOIaCTwOR,8ovYRO0ntq,81
LbOIaCTwOR,B7P3TPNxGs,36
LbOIaCTwOR,JKZMOG2ZPQ,94
LbOIaCTwOR,JmdWFmOl4h,54
LbOIaCTwOR,TWi8qY0SEi,45
LbOIaCTwOR,VDD8WsiCtM,98
LbOIaCTwOR,W2GuP0QCJd,71
LbOIaCTwOR,WbEpvF1Olv,40
LbOIaCTwOR,YDPr4367oU,89
LbOIaCTwOR,ZwnvP30tKQ,69
LbOIaCTwOR,f2y5YTLubI,78
LbOIaCTwOR,hKZxwsUEu4,41
LbOIaCTwOR,jqUu7vGArm,33
LbOIaCTwOR,mUGFAhI3md,59
LbOIaCTwOR,pGgT9pfY13,35
LbOIaCTwOR,ropVXdsf0o,3
LbOIaCTwOR,w30p16a35Y,146
MMNPTkNHZg,6XlCvM3aaJ,78
MMNPTkNHZg,6g87xRW3rx,59
MMNPTkNHZg,9tEYU0Tu9v,71
MMNPTkNHZg,EFcd2UX7iA,100
MMNPTkNHZg,FIIDkWRYE8,71
MMNPTkNHZg,IscGscr2jK,58
MMNPTkNHZg,MiXZLCwsJK,74
MMNPTkNHZg,P6dCuTfhL9,74
MMNPTkNHZg,dczVfOKe0F,60
MMNPTkNHZg,dwT3TQ907Y,100
MMNPTkNHZg,hcFF1sLv1P,132
MMNPTkNHZg,rArzTQgbq6,62
MMNPTkNHZg,sGIYBPpSTY,43
MvygDkC5GZ,8MV9S7p9Rk,44
MvygDkC5GZ,EbdPHQAUvI,94
MvygDkC5GZ,FWmu610qT1,76
MvygDkC5GZ,KJCgLOvO49,36
MvygDkC5GZ,KaDPuRlWHM,31
MvygDkC5GZ,Qe08sCCtkf,0
MvygDkC5GZ,eMKsSbTaGJ,71
MvygDkC5GZ,pdUvgmB57W,71
MvygDkC5GZ,tdd2gYuy2Q,84
MvygDkC5GZ,wHkLv5EaIv,23
OcbMCqoATE,594LbuZBRv,92
OcbMCqoATE,8MV9S7p9Rk,35
OcbMCqoATE,EbdPHQAUvI,80
OcbMCqoATE,FWmu610qT1,56
OcbMCqoATE,HoRJjBmfkT,57
OcbMCqoATE,KJCgLOvO49,59
OcbMCqoATE,KaDPuRlWHM,34
OcbMCqoATE,Qe08sCCtkf,0
OcbMCqoATE,T9LtdisnCO,77
OcbMCqoATE,cOgFV4CvSw,47
OcbMCqoATE,eMKsSbTaGJ,23
OcbMCqoATE,j3UXahLG7u,82
OcbMCqoATE,nIiBGMzaqI,78
OcbMCqoATE,pdUvgmB57W,93
OcbMCqoATE,tdd2gYuy2Q,71
OcbMCqoATE,wHkLv5EaIv,60
OhfDW5FQet,6XlCvM3aaJ,61
OhfDW5FQet,6g87xRW3rx,79
OhfDW5FQet,9tEYU0Tu9v,96
OhfDW5FQet,EFcd2UX7iA,79
OhfDW5FQet,FIIDkWRYE8,90
OhfDW5FQet,IscGscr2jK,68
OhfDW5FQet,MiXZLCwsJK,96
OhfDW5FQet,P6dCuTfhL9,84
OhfDW5FQet,dczVfOKe0F,80
OhfDW5FQet,dwT3TQ907Y,77
OhfDW5FQet,hcFF1sLv1P,105
OhfDW5FQet,rArzTQgbq6,87
OhfDW5FQet,sGIYBPpSTY,27
Oojd410rxz,2wQQ933Qex,95
Oojd410rxz,6sEoqvfzYh,
Oojd410rxz,GimIAQoEhe,69
Oojd410rxz,N7X7CTZc0P,50
Oojd410rxz,Q5deudTxfL,
Oojd410rxz,duOVF9fyPU,79
Oojd410rxz,hLzOKunYUI,81
P80TDV5kec,594LbuZBRv,53
P80TDV5kec,8MV9S7p9Rk,69
P80TDV5kec,EbdPHQAUvI,39
P80TDV5kec,FWmu610qT1,64
P80TDV5kec,HoRJjBmfkT,142
P80TDV5kec,KJCgLOvO49,55
P80TDV5kec,KaDPuRlWHM,49
P80TDV5kec,Qe08sCCtkf,6
P80TDV5kec,T9LtdisnCO,56
P80TDV5kec,cOgFV4CvSw,80
P80TDV5kec,eMKsSbTaGJ,30
P80TDV5kec,j3UXahLG7u,67
P80TDV5kec,nIiBGMzaqI,57
P80TDV5kec,pdUvgmB57W,100
P80TDV5kec,tdd2gYuy2Q,77
P80TDV5kec,wHkLv5EaIv,46
PiQvBSPut9,594LbuZBRv,78
PiQvBSPut9,8MV9S7p9Rk,70
PiQvBSPut9,EbdPHQAUvI,120
PiQvBSPut9,FWmu610qT1,67
PiQvBSPut9,HoRJjBmfkT,114
PiQvBSPut9,KJCgLOvO49,66
PiQvBSPut9,KaDPuRlWHM,30
PiQvBSPut9,Qe08sCCtkf,6
PiQvBSPut9,T9LtdisnCO,59
PiQvBSPut9,cOgFV4CvSw,94
PiQvBSPut9,eMKsSbTaGJ,56
PiQvBSPut9,j3UXahLG7u,71
PiQvBSPut9,nIiBGMzaqI,70
PiQvBSPut9,pdUvgmB57W,91
PiQvBSPut9,tdd2gYuy2Q,53
PiQvBSPut9,wHkLv5EaIv,26
Q5zYQSo07T,2PbSzqIZKM,82
Q5zYQSo07T,30bCytC7WE,53
Q5zYQSo07T,34HpaB4gDt,83
Q5zYQSo07T,5ggiSZO7x8,91
Q5zYQSo07T,72ZdKO3gz4,77
Q5zYQSo07T,8ovYRO0ntq,93
Q5zYQSo07T,HSiN7nd3n6,91
Q5zYQSo07T,JmdWFmOl4h,66
Q5zYQSo07T,NGEFrY7B4w,73
Q5zYQSo07T,Pw6oyjre67,30
Q5zYQSo07T,Q3QNqMPOqc,62
Q5zYQSo07T,TWi8qY0SEi,67
Q5zYQSo07T,VDD8WsiCtM,78
Q5zYQSo07T,W2GuP0QCJd,78
Q5zYQSo07T,WbEpvF1Olv,76
Q5zYQSo07T,irxkoWsh2w,70
Q5zYQSo07T,jqUu7vGArm,43
Q5zYQSo07T,kuY3dCWqbX,47
Q5zYQSo07T,lz4LQFymve,40
Q5zYQSo07T,xzdHpBtowO,3
QVsfnLS8nP,6XlCvM3aaJ,99
QVsfnLS8nP,6g87xRW3rx,80
QVsfnLS8nP,9tEYU0Tu9v,61
QVsfnLS8nP,EFcd2UX7iA,96
QVsfnLS8nP,FIIDkWRYE8,119
QVsfnLS8nP,IscGscr2jK,54
QVsfnLS8nP,MiXZLCwsJK,70
QVsfnLS8nP,P6dCuTfhL9,92
QVsfnLS8nP,dczVfOKe0F,82
QVsfnLS8nP,dwT3TQ907Y,71
QVsfnLS8nP,hcFF1sLv1P,67
QVsfnLS8nP,rArzTQgbq6,93
QVsfnLS8nP,sGIYBPpSTY,29
QrcaEXMLnx,8MV9S7p9Rk,89
QrcaEXMLnx,EbdPHQAUvI,40
QrcaEXMLnx,FWmu610qT1,55
QrcaEXMLnx,KJCgLOvO49,76
QrcaEXMLnx,KaDPuRlWHM,56
QrcaEXMLnx,Qe08sCCtkf,7
QrcaEXMLnx,eMKsSbTaGJ,36
QrcaEXMLnx,pdUvgmB57W,95
QrcaEXMLnx,tdd2gYuy2Q,52
QrcaEXMLnx,wHkLv5EaIv,48
RCkC4TjYNZ,2wQQ933Qex,83
RCkC4TjYNZ,6sEoqvfzYh,
RCkC4TjYNZ,GimIAQoEhe,92
RCkC4TjYNZ,N7X7CTZc0P,28
RCkC4TjYNZ,Q5deudTxfL,
RCkC4TjYNZ,duOVF9fyPU,87
RCkC4TjYNZ,hLzOKunYUI,50
Rjuqf7P3nX,2PbSzqIZKM,71
Rjuqf7P3nX,30bCytC7WE,85
Rjuqf7P3nX,34HpaB4gDt,86
Rjuqf7P3nX,5ggiSZO7x8,67
Rjuqf7P3nX,72ZdKO3gz4,67
Rjuqf7P3nX,8ovYRO0ntq,78
Rjuqf7P3nX,HSiN7nd3n6,126
Rjuqf7P3nX,JmdWFmOl4h,59
Rjuqf7P3nX,NGEFrY7B4w,96
Rjuqf7P3nX,Pw6oyjre67,24
Rjuqf7P3nX,Q3QNqMPOqc,73
Rjuqf7P3nX,TWi8qY0SEi,74
Rjuqf7P3nX,VDD8WsiCtM,100
Rjuqf7P3nX,W2GuP0QCJd,92
Rjuqf7P3nX,WbEpvF1Olv,54
Rjuqf7P3nX,irxkoWsh2w,90
Rjuqf7P3nX,jqUu7vGArm,58
Rjuqf7P3nX,kuY3dCWqbX,28
Rjuqf7P3nX,lz4LQFymve,94
Rjuqf7P3nX,xzdHpBtowO,8
RtDWbzvtoo,22CCBupmn1,100
RtDWbzvtoo,6S1gC0D99c,
RtDWbzvtoo,6XlCvM3aaJ,89
RtDWbzvtoo,7fHqljihO1,34
RtDWbzvtoo,EFcd2UX7iA,64
RtDWbzvtoo,FIIDkWRYE8,80
RtDWbzvtoo,P6dCuTfhL9,78
RtDWbzvtoo,dwT3TQ907Y,55
RtDWbzvtoo,gPT3Xxdacl,
RtDWbzvtoo,pupQhhRzA0,60
RtDWbzvtoo,rArzTQgbq6,46
RtDWbzvtoo,sGIYBPpSTY,50
RtDWbzvtoo,sWo96MatFm,98
RtDWbzvtoo,wBu4IQNg7h,46
RwKSObZt8b,6XlCvM3aaJ,60
RwKSObZt8b,6g87xRW3rx,100
RwKSObZt8b,9tEYU0Tu9v,80
RwKSObZt8b,EFcd2UX7iA,96
RwKSObZt8b,FIIDkWRYE8,95
RwKSObZt8b,IscGscr2jK,93
RwKSObZt8b,MiXZLCwsJK,99
RwKSObZt8b,P6dCuTfhL9,82
RwKSObZt8b,dczVfOKe0F,73
RwKSObZt8b,dwT3TQ907Y,60
RwKSObZt8b,hcFF1sLv1P,120
RwKSObZt8b,rArzTQgbq6,77
RwKSObZt8b,sGIYBPpSTY,44
RxNqRHaaoI,6XlCvM3aaJ,53
RxNqRHaaoI,6g87xRW3rx,79
RxNqRHaaoI,9tEYU0Tu9v,77
RxNqRHaaoI,EFcd2UX7iA,98
RxNqRHaaoI,FIIDkWRYE8,44
RxNqRHaaoI,IscGscr2jK,86
RxNqRHaaoI,MiXZLCwsJK,63
RxNqRHaaoI,P6dCuTfhL9,67
RxNqRHaaoI,dczVfOKe0F,94
RxNqRHaaoI,dwT3TQ907Y,85
RxNqRHaaoI,hcFF1sLv1P,134
RxNqRHaaoI,rArzTQgbq6,58
RxNqRHaaoI,sGIYBPpSTY,35
SGDgfAoZn8,2wQQ933Qex,82
SGDgfAoZn8,6sEoqvfzYh,
SGDgfAoZn8,GimIAQoEhe,97
SGDgfAoZn8,N7X7CTZc0P,59
SGDgfAoZn8,Q5deudTxfL,
SGDgfAoZn8,duOVF9fyPU,90
SGDgfAoZn8,hLzOKunYUI,43
Sx6sqg2Av5,2wQQ933Qex,50
Sx6sqg2Av5,6sEoqvfzYh,
Sx6sqg2Av5,GimIAQoEhe,46
Sx6sqg2Av5,N7X7CTZc0P,56
Sx6sqg2Av5,Q5deudTxfL,
Sx6sqg2Av5,duOVF9fyPU,96
Sx6sqg2Av5,hLzOKunYUI,89
UPLEFa48ob,594LbuZBRv,86
UPLEFa48ob,8MV9S7p9Rk,29
UPLEFa48ob,EbdPHQAUvI,73
UPLEFa48ob,FWmu610qT1,62
UPLEFa48ob,HoRJjBmfkT,99
UPLEFa48ob,KJCgLOvO49,88
UPLEFa48ob,KaDPuRlWHM,46
UPLEFa48ob,Qe08sCCtkf,10
UPLEFa48ob,T9LtdisnCO,90
UPLEFa48ob,cOgFV4CvSw,90
UPLEFa48ob,eMKsSbTaGJ,50
UPLEFa48ob,j3UXahLG7u,84
UPLEFa48ob,nIiBGMzaqI,81
UPLEFa48ob,pdUvgmB57W,91
UPLEFa48ob,tdd2gYuy2Q,20
UPLEFa48ob,wHkLv5EaIv,39
UX8dL9oWOH,594LbuZBRv,74
UX8dL9oWOH,8MV9S7p9Rk,85
UX8dL9oWOH,EbdPHQAUvI,55
UX8dL9oWOH,FWmu610qT1,97
UX8dL9oWOH,HoRJjBmfkT,114
UX8dL9oWOH,KJCgLOvO49,45
UX8dL9oWOH,KaDPuRlWHM,24
UX8dL9oWOH,Qe08sCCtkf,0
UX8dL9oWOH,T9LtdisnCO,62
UX8dL9oWOH,cOgFV4CvSw,59
UX8dL9oWOH,eMKsSbTaGJ,46
UX8dL9oWOH,j3UXahLG7u,56
UX8dL9oWOH,nIiBGMzaqI,83
UX8dL9oWOH,pdUvgmB57W,62
UX8dL9oWOH,tdd2gYuy2Q,49
UX8dL9oWOH,wHkLv5EaIv,22
UuUxEvmxXO,2wQQ933Qex,52
UuUxEvmxXO,6sEoqvfzYh,
UuUxEvmxXO,GimIAQoEhe,95
UuUxEvmxXO,N7X7CTZc0P,56
UuUxEvmxXO,Q5deudTxfL,
UuUxEvmxXO,duOVF9fyPU,75
UuUxEvmxXO,hLzOKunYUI,76
VkA4Ln4RP8,594LbuZBRv,52
VkA4Ln4RP8,8MV9S7p9Rk,99
VkA4Ln4RP8,EbdPHQAUvI,115
VkA4Ln4RP8,FWmu610qT1,23
VkA4Ln4RP8,HoRJjBmfkT,135
VkA4Ln4RP8,KJCgLOvO49,30
VkA4Ln4RP8,KaDPuRlWHM,46
VkA4Ln4RP8,Qe08sCCtkf,1
VkA4Ln4RP8,T9LtdisnCO,93
VkA4Ln4RP8,cOgFV4CvSw,92
VkA4Ln4RP8,eMKsSbTaGJ,58
VkA4Ln4RP8,j3UXahLG7u,65
VkA4Ln4RP8,nIiBGMzaqI,70
VkA4Ln4RP8,pdUvgmB57W,79
VkA4Ln4RP8,tdd2gYuy2Q,76
VkA4Ln4RP8,wHkLv5EaIv,42
Vv5mvmR93y,594LbuZBRv,79
Vv5mvmR93y,8MV9S7p9Rk,36
Vv5mvmR93y,EbdPHQAUvI,125
Vv5mvmR93y,FWmu610qT1,84
Vv5mvmR93y,HoRJjBmfkT,61
Vv5mvmR93y,KJCgLOvO49,55
Vv5mvmR93y,KaDPuRlWHM,52
Vv5mvmR93y,Qe08sCCtkf,3
Vv5mvmR93y,T9LtdisnCO,87
Vv5mvmR93y,cOgFV4CvSw,89
Vv5mvmR93y,eMKsSbTaGJ,77
Vv5mvmR93y,j3UXahLG7u,59
Vv5mvmR93y,nIiBGMzaqI,87
Vv5mvmR93y,pdUvgmB57W,85
Vv5mvmR93y,tdd2gYuy2Q,88
Vv5mvmR93y,wHkLv5EaIv,50
VxX7KCsBEi,8MV9S7p9Rk,70
VxX7KCsBEi,EbdPHQAUvI,108
VxX7KCsBEi,FWmu610qT1,97
VxX7KCsBEi,KJCgLOvO49,70
VxX7KCsBEi,KaDPuRlWHM,44
VxX7KCsBEi,Qe08sCCtkf,9
VxX7KCsBEi,eMKsSbTaGJ,47
VxX7KCsBEi,pdUvgmB57W,95
VxX7KCsBEi,tdd2gYuy2Q,58
VxX7KCsBEi,wHkLv5EaIv,27
WJrWAidLZ5,594LbuZBRv,90
WJrWAidLZ5,B7P3TPNxGs,80
WJrWAidLZ5,HoRJjBmfkT,97
WJrWAidLZ5,JKZMOG2ZPQ,72
WJrWAidLZ5,T9LtdisnCO,74
WJrWAidLZ5,YDPr4367oU,100
WJrWAidLZ5,ZwnvP30tKQ,72
WJrWAidLZ5,cOgFV4CvSw,93
WJrWAidLZ5,f2y5YTLubI,95
WJrWAidLZ5,hKZxwsUEu4,100
WJrWAidLZ5,j3UXahLG7u,97
WJrWAidLZ5,mUGFAhI3md,55
WJrWAidLZ5,nIiBGMzaqI,86
WJrWAidLZ5,pGgT9pfY13,27
WJrWAidLZ5,ropVXdsf0o,5
WJrWAidLZ5,w30p16a35Y,64
WUMHFJy3AG,22CCBupmn1,38
WUMHFJy3AG,6S1gC0D99c,
WUMHFJy3AG,6XlCvM3aaJ,75
WUMHFJy3AG,7fHqljihO1,41
WUMHFJy3AG,EFcd2UX7iA,51
WUMHFJy3AG,FIIDkWRYE8,119
WUMHFJy3AG,P6dCuTfhL9,85
WUMHFJy3AG,dwT3TQ907Y,93
WUMHFJy3AG,gPT3Xxdacl,
WUMHFJy3AG,pupQhhRzA0,93
WUMHFJy3AG,rArzTQgbq6,48
WUMHFJy3AG,sGIYBPpSTY,8
WUMHFJy3AG,sWo96MatFm,98
WUMHFJy3AG,wBu4IQNg7h,45
WVztzxaqG1,6XlCvM3aaJ,51
WVztzxaqG1,6g87xRW3rx,98
WVztzxaqG1,9tEYU0Tu9v,51
WVztzxaqG1,EFcd2UX7iA,57
WVztzxaqG1,FIIDkWRYE8,110
WVztzxaqG1,IscGscr2jK,95
WVztzxaqG1,MiXZLCwsJK,78
WVztzxaqG1,P6dCuTfhL9,77
WVztzxaqG1,dczVfOKe0F,59
WVztzxaqG1,dwT3TQ907Y,79
WVztzxaqG1,hcFF1sLv1P,109
WVztzxaqG1,rArzTQgbq6,63
WVztzxaqG1,sGIYBPpSTY,33
WW56HAP2R1,2wQQ933Qex,76
WW56HAP2R1,6sEoqvfzYh,
WW56HAP2R1,GimIAQoEhe,45
WW56HAP2R1,N7X7CTZc0P,24
WW56HAP2R1,Q5deudTxfL,
WW56HAP2R1,duOVF9fyPU,99
WW56HAP2R1,hLzOKunYUI,31
Xo3aGKAsfE,22CCBupmn1,65
Xo3aGKAsfE,6S1gC0D99c,
Xo3aGKAsfE,7fHqljihO1,99
Xo3aGKAsfE,gPT3Xxdacl,
Xo3aGKAsfE,pupQhhRzA0,85
Xo3aGKAsfE,sWo96MatFm,98
Xo3aGKAsfE,wBu4IQNg7h,67
YXCMIivcy6,2wQQ933Qex,70
YXCMIivcy6,6sEoqvfzYh,
YXCMIivcy6,GimIAQoEhe,97
YXCMIivcy6,N7X7CTZc0P,28
YXCMIivcy6,Q5deudTxfL,
YXCMIivcy6,duOVF9fyPU,85
YXCMIivcy6,hLzOKunYUI,61
aDQQtN7BnB,30bCytC7WE,51
aDQQtN7BnB,34HpaB4gDt,58
aDQQtN7BnB,5ggiSZO7x8,62
aDQQtN7BnB,8ovYRO0ntq,54
aDQQtN7BnB,B7P3TPNxGs,84
aDQQtN7BnB,JKZMOG2ZPQ,65
aDQQtN7BnB,JmdWFmOl4h,93
aDQQtN7BnB,TWi8qY0SEi,90
aDQQtN7BnB,VDD8WsiCtM,86
aDQQtN7BnB,W2GuP0QCJd,74
aDQQtN7BnB,WbEpvF1Olv,40
aDQQtN7BnB,YDPr4367oU,72
aDQQtN7BnB,ZwnvP30tKQ,78
aDQQtN7BnB,f2y5YTLubI,90
aDQQtN7BnB,hKZxwsUEu4,77
aDQQtN7BnB,jqUu7vGArm,77
aDQQtN7BnB,mUGFAhI3md,53
aDQQtN7BnB,pGgT9pfY13,47
aDQQtN7BnB,ropVXdsf0o,7
aDQQtN7BnB,w30p16a35Y,86
aKtF7xlCj,594LbuZBRv,91
aKtF7xlCj,8MV9S7p9Rk,95
aKtF7xlCj,EbdPHQAUvI,130
aKtF7xlCj,FWmu610qT1,26
aKtF7xlCj,HoRJjBmfkT,142
aKtF7xlCj,KJCgLOvO49,92
aKtF7xlCj,KaDPuRlWHM,48
aKtF7xlCj,Qe08sCCtkf,7
aKtF7xlCj,T9LtdisnCO,47
aKtF7xlCj,cOgFV4CvSw,99
aKtF7xlCj,eMKsSbTaGJ,58
aKtF7xlCj,j3UXahLG7u,63
aKtF7xlCj,nIiBGMzaqI,93
aKtF7xlCj,pdUvgmB57W,71
aKtF7xlCj,tdd2gYuy2Q,37
aKtF7xlCj,wHkLv5EaIv,29
bCSKEQsp82,22CCBupmn1,55
bCSKEQsp82,5FQ93xco3l,60
bCSKEQsp82,6S1gC0D99c,
bCSKEQsp82,6XlCvM3aaJ,72
bCSKEQsp82,7fHqljihO1,68
bCSKEQsp82,EFcd2UX7iA,98
bCSKEQsp82,FIIDkWRYE8,79
bCSKEQsp82,P6dCuTfhL9,56
bCSKEQsp82,dwT3TQ907Y,60
bCSKEQsp82,gPT3Xxdacl,
bCSKEQsp82,rArzTQgbq6,54
bCSKEQsp82,sGIYBPpSTY,9
bCSKEQsp82,sWo96MatFm,98
bCSKEQsp82,wBu4IQNg7h,98
bSZa17FK2l,6S1gC0D99c,
bSZa17FK2l,7fHqljihO1,97
bSZa17FK2l,LUvAvdTuCt,89
bSZa17FK2l,gPT3Xxdacl,
bSZa17FK2l,pupQhhRzA0,94
bSZa17FK2l,sWo96MatFm,67
bSZa17FK2l,wBu4IQNg7h,89
cp5asEx6KR,6XlCvM3aaJ,97
cp5asEx6KR,6g87xRW3rx,100
cp5asEx6KR,9tEYU0Tu9v,69
cp5asEx6KR,EFcd2UX7iA,97
cp5asEx6KR,FIIDkWRYE8,78
cp5asEx6KR,IscGscr2jK,77
cp5asEx6KR,MiXZLCwsJK,70
cp5asEx6KR,P6dCuTfhL9,69
cp5asEx6KR,dczVfOKe0F,89
cp5asEx6KR,dwT3TQ907Y,86
cp5asEx6KR,hcFF1sLv1P,116
cp5asEx6KR,rArzTQgbq6,96
cp5asEx6KR,sGIYBPpSTY,48
erGZXNCSa8,594LbuZBRv,90
erGZXNCSa8,8MV9S7p9Rk,39
erGZXNCSa8,EbdPHQAUvI,121
erGZXNCSa8,FWmu610qT1,22
erGZXNCSa8,HoRJjBmfkT,109
erGZXNCSa8,KJCgLOvO49,71
erGZXNCSa8,KaDPuRlWHM,34
erGZXNCSa8,Qe08sCCtkf,2
erGZXNCSa8,T9LtdisnCO,86
erGZXNCSa8,cOgFV4CvSw,69
erGZXNCSa8,eMKsSbTaGJ,78
erGZXNCSa8,j3UXahLG7u,68
erGZXNCSa8,nIiBGMzaqI,49
erGZXNCSa8,pdUvgmB57W,35
erGZXNCSa8,tdd2gYuy2Q,91
erGZXNCSa8,wHkLv5EaIv,35
fe20lUruvB,6XlCvM3aaJ,65
fe20lUruvB,6g87xRW3rx,48
fe20lUruvB,9tEYU0Tu9v,75
fe20lUruvB,EFcd2UX7iA,78
fe20lUruvB,FIIDkWRYE8,115
fe20lUruvB,IscGscr2jK,62
fe20lUruvB,MiXZLCwsJK,94
fe20lUruvB,P6dCuTfhL9,50
fe20lUruvB,dczVfOKe0F,70
fe20lUruvB,dwT3TQ907Y,55
fe20lUruvB,hcFF1sLv1P,101
fe20lUruvB,rArzTQgbq6,47
fe20lUruvB,sGIYBPpSTY,8
ffD2jzc574,2wQQ933Qex,51
ffD2jzc574,6sEoqvfzYh,
ffD2jzc574,GimIAQoEhe,55
ffD2jzc574,N7X7CTZc0P,46
ffD2jzc574,Q5deudTxfL,
ffD2jzc574,duOVF9fyPU,81
ffD2jzc574,hLzOKunYUI,80
fk7USWbA60,6S1gC0D99c,
fk7USWbA60,7fHqljihO1,93
fk7USWbA60,LUvAvdTuCt,63
fk7USWbA60,gPT3Xxdacl,
fk7USWbA60,pupQhhRzA0,83
fk7USWbA60,sWo96MatFm,75
fk7USWbA60,wBu4IQNg7h,87
g0aGB2MNq6,594LbuZBRv,82
g0aGB2MNq6,8MV9S7p9Rk,89
g0aGB2MNq6,EbdPHQAUvI,94
g0aGB2MNq6,FWmu610qT1,56
g0aGB2MNq6,HoRJjBmfkT,54
g0aGB2MNq6,KJCgLOvO49,71
g0aGB2MNq6,KaDPuRlWHM,26
g0aGB2MNq6,Qe08sCCtkf,8
g0aGB2MNq6,T9LtdisnCO,45
g0aGB2MNq6,cOgFV4CvSw,79
g0aGB2MNq6,eMKsSbTaGJ,79
g0aGB2MNq6,j3UXahLG7u,87
g0aGB2MNq6,nIiBGMzaqI,69
g0aGB2MNq6,pdUvgmB57W,47
g0aGB2MNq6,tdd2gYuy2Q,63
g0aGB2MNq6,wHkLv5EaIv,59
hEp6l3yRkB,2PbSzqIZKM,88
hEp6l3yRkB,30bCytC7WE,68
hEp6l3yRkB,34HpaB4gDt,96
hEp6l3yRkB,5ggiSZO7x8,97
hEp6l3yRkB,72ZdKO3gz4,68
hEp6l3yRkB,8ovYRO0ntq,41
hEp6l3yRkB,HSiN7nd3n6,135
hEp6l3yRkB,JmdWFmOl4h,66
hEp6l3yRkB,NGEFrY7B4w,73
hEp6l3yRkB,Pw6oyjre67,57
hEp6l3yRkB,Q3QNqMPOqc,83
hEp6l3yRkB,TWi8qY0SEi,26
hEp6l3yRkB,VDD8WsiCtM,56
hEp6l3yRkB,W2GuP0QCJd,71
hEp6l3yRkB,WbEpvF1Olv,23
hEp6l3yRkB,irxkoWsh2w,24
hEp6l3yRkB,jqUu7vGArm,75
hEp6l3yRkB,kuY3dCWqbX,23
hEp6l3yRkB,lz4LQFymve,73
hEp6l3yRkB,xzdHpBtowO,8
iep724zbM3,B7P3TPNxGs,79
iep724zbM3,JKZMOG2ZPQ,35
iep724zbM3,YDPr4367oU,87
iep724zbM3,ZwnvP30tKQ,61
iep724zbM3,f2y5YTLubI,63
iep724zbM3,hKZxwsUEu4,96
iep724zbM3,mUGFAhI3md,47
iep724zbM3,pGgT9pfY13,20
iep724zbM3,ropVXdsf0o,5
iep724zbM3,w30p16a35Y,101
ixYZCGpl5D,30bCytC7WE,70
ixYZCGpl5D,34HpaB4gDt,22
ixYZCGpl5D,5ggiSZO7x8,57
ixYZCGpl5D,8ovYRO0ntq,32
ixYZCGpl5D,B7P3TPNxGs,58
ixYZCGpl5D,JKZMOG2ZPQ,66
ixYZCGpl5D,JmdWFmOl4h,21
ixYZCGpl5D,TWi8qY0SEi,39
ixYZCGpl5D,VDD8WsiCtM,64
ixYZCGpl5D,W2GuP0QCJd,45
ixYZCGpl5D,WbEpvF1Olv,45
ixYZCGpl5D,YDPr4367oU,86
ixYZCGpl5D,ZwnvP30tKQ,45
ixYZCGpl5D,f2y5YTLubI,58
ixYZCGpl5D,hKZxwsUEu4,73
ixYZCGpl5D,jqUu7vGArm,66
ixYZCGpl5D,mUGFAhI3md,53
ixYZCGpl5D,pGgT9pfY13,36
ixYZCGpl5D,ropVXdsf0o,3
ixYZCGpl5D,w30p16a35Y,65
ize3lkeNiR,6S1gC0D99c,
ize3lkeNiR,7fHqljihO1,86
ize3lkeNiR,LUvAvdTuCt,86
ize3lkeNiR,gPT3Xxdacl,
ize3lkeNiR,pupQhhRzA0,92
ize3lkeNiR,sWo96MatFm,71
ize3lkeNiR,wBu4IQNg7h,94
j3BjhOJA0K,2wQQ933Qex,66
j3BjhOJA0K,6sEoqvfzYh,
j3BjhOJA0K,GimIAQoEhe,65
j3BjhOJA0K,N7X7CTZc0P,34
j3BjhOJA0K,Q5deudTxfL,
j3BjhOJA0K,duOVF9fyPU,92
j3BjhOJA0K,hLzOKunYUI,43
k4hG2bKBi2,6XlCvM3aaJ,89
k4hG2bKBi2,6g87xRW3rx,68
k4hG2bKBi2,9tEYU0Tu9v,69
k4hG2bKBi2,EFcd2UX7iA,47
k4hG2bKBi2,FIIDkWRYE8,64
k4hG2bKBi2,IscGscr2jK,78
k4hG2bKBi2,MiXZLCwsJK,85
k4hG2bKBi2,P6dCuTfhL9,72
k4hG2bKBi2,dczVfOKe0F,57
k4hG2bKBi2,dwT3TQ907Y,90
k4hG2bKBi2,hcFF1sLv1P,57
k4hG2bKBi2,rArzTQgbq6,47
k4hG2bKBi2,sGIYBPpSTY,45
kJQAvxlegv,6XlCvM3aaJ,87
kJQAvxlegv,6g87xRW3rx,72
kJQAvxlegv,9tEYU0Tu9v,69
kJQAvxlegv,EFcd2UX7iA,94
kJQAvxlegv,FIIDkWRYE8,115
kJQAvxlegv,IscGscr2jK,74
kJQAvxlegv,MiXZLCwsJK,78
kJQAvxlegv,P6dCuTfhL9,100
kJQAvxlegv,dczVfOKe0F,73
kJQAvxlegv,dwT3TQ907Y,56
kJQAvxlegv,hcFF1sLv1P,68
kJQAvxlegv,rArzTQgbq6,94
kJQAvxlegv,sGIYBPpSTY,19
l8Ck5AEii7,6XlCvM3aaJ,67
l8Ck5AEii7,6g87xRW3rx,49
l8Ck5AEii7,9tEYU0Tu9v,46
l8Ck5AEii7,EFcd2UX7iA,55
l8Ck5AEii7,FIIDkWRYE8,110
l8Ck5AEii7,IscGscr2jK,62
l8Ck5AEii7,MiXZLCwsJK,88
l8Ck5AEii7,P6dCuTfhL9,87
l8Ck5AEii7,dczVfOKe0F,60
l8Ck5AEii7,dwT3TQ907Y,65
l8Ck5AEii7,hcFF1sLv1P,84
l8Ck5AEii7,rArzTQgbq6,95
l8Ck5AEii7,sGIYBPpSTY,48
l8fb19WIds,B7P3TPNxGs,79
l8fb19WIds,JKZMOG2ZPQ,88
l8fb19WIds,YDPr4367oU,92
l8fb19WIds,ZwnvP30tKQ,70
l8fb19WIds,f2y5YTLubI,88
l8fb19WIds,hKZxwsUEu4,82
l8fb19WIds,mUGFAhI3md,24
l8fb19WIds,pGgT9pfY13,55
l8fb19WIds,ropVXdsf0o,7
l8fb19WIds,w30p16a35Y,138
lKOmgoDP5M,6XlCvM3aaJ,50
lKOmgoDP5M,EFcd2UX7iA,82
lKOmgoDP5M,FIIDkWRYE8,66
lKOmgoDP5M,P6dCuTfhL9,71
lKOmgoDP5M,dwT3TQ907Y,84
lKOmgoDP5M,rArzTQgbq6,46
lKOmgoDP5M,sGIYBPpSTY,30
loWO7ep40W,2wQQ933Qex,84
loWO7ep40W,6sEoqvfzYh,
loWO7ep40W,GimIAQoEhe,96
loWO7ep40W,N7X7CTZc0P,52
loWO7ep40W,Q5deudTxfL,
loWO7ep40W,duOVF9fyPU,78
loWO7ep40W,hLzOKunYUI,65
nlNo3Ifie2,6XlCvM3aaJ,88
nlNo3Ifie2,6g87xRW3rx,74
nlNo3Ifie2,9tEYU0Tu9v,96
nlNo3Ifie2,EFcd2UX7iA,88
nlNo3Ifie2,FIIDkWRYE8,73
nlNo3Ifie2,IscGscr2jK,96
nlNo3Ifie2,MiXZLCwsJK,78
nlNo3Ifie2,P6dCuTfhL9,81
nlNo3Ifie2,dczVfOKe0F,72
nlNo3Ifie2,dwT3TQ907Y,71
nlNo3Ifie2,hcFF1sLv1P,146
nlNo3Ifie2,rArzTQgbq6,80
nlNo3Ifie2,sGIYBPpSTY,6
pAA8hhbaAf,6XlCvM3aaJ,71
pAA8hhbaAf,6g87xRW3rx,49
pAA8hhbaAf,9tEYU0Tu9v,48
pAA8hhbaAf,EFcd2UX7iA,45
pAA8hhbaAf,FIIDkWRYE8,88
pAA8hhbaAf,IscGscr2jK,81
pAA8hhbaAf,MiXZLCwsJK,90
pAA8hhbaAf,P6dCuTfhL9,99
pAA8hhbaAf,dczVfOKe0F,59
pAA8hhbaAf,dwT3TQ907Y,75
pAA8hhbaAf,hcFF1sLv1P,115
pAA8hhbaAf,rArzTQgbq6,92
pAA8hhbaAf,sGIYBPpSTY,7
pSE2USVUGe,594LbuZBRv,96
pSE2USVUGe,8MV9S7p9Rk,73
pSE2USVUGe,EbdPHQAUvI,105
pSE2USVUGe,FWmu610qT1,67
pSE2USVUGe,HoRJjBmfkT,85
pSE2USVUGe,KJCgLOvO49,88
pSE2USVUGe,KaDPuRlWHM,36
pSE2USVUGe,Qe08sCCtkf,4
pSE2USVUGe,T9LtdisnCO,51
pSE2USVUGe,cOgFV4CvSw,53
pSE2USVUGe,eMKsSbTaGJ,53
pSE2USVUGe,j3UXahLG7u,70
pSE2USVUGe,nIiBGMzaqI,47
pSE2USVUGe,pdUvgmB57W,52
pSE2USVUGe,tdd2gYuy2Q,77
pSE2USVUGe,wHkLv5EaIv,34
piajOfWMIT,6XlCvM3aaJ,99
piajOfWMIT,EFcd2UX7iA,61
piajOfWMIT,FIIDkWRYE8,109
piajOfWMIT,P6dCuTfhL9,86
piajOfWMIT,dwT3TQ907Y,68
piajOfWMIT,rArzTQgbq6,93
piajOfWMIT,sGIYBPpSTY,27
q24FfeogSR,22CCBupmn1,45
q24FfeogSR,6S1gC0D99c,
q24FfeogSR,6XlCvM3aaJ,86
q24FfeogSR,7fHqljihO1,86
q24FfeogSR,EFcd2UX7iA,75
q24FfeogSR,FIIDkWRYE8,108
q24FfeogSR,P6dCuTfhL9,56
q24FfeogSR,dwT3TQ907Y,98
q24FfeogSR,gPT3Xxdacl,
q24FfeogSR,pupQhhRzA0,40
q24FfeogSR,rArzTQgbq6,53
q24FfeogSR,sGIYBPpSTY,32
q24FfeogSR,sWo96MatFm,98
q24FfeogSR,wBu4IQNg7h,87
qBhsb9AT1D,2wQQ933Qex,73
qBhsb9AT1D,6sEoqvfzYh,
qBhsb9AT1D,GimIAQoEhe,97
qBhsb9AT1D,N7X7CTZc0P,30
qBhsb9AT1D,Q5deudTxfL,
qBhsb9AT1D,duOVF9fyPU,73
qBhsb9AT1D,hLzOKunYUI,82
qSaWq5Khmt,30bCytC7WE,44
qSaWq5Khmt,34HpaB4gDt,42
qSaWq5Khmt,5ggiSZO7x8,68
qSaWq5Khmt,8ovYRO0ntq,64
qSaWq5Khmt,B7P3TPNxGs,49
qSaWq5Khmt,JKZMOG2ZPQ,50
qSaWq5Khmt,JmdWFmOl4h,44
qSaWq5Khmt,TWi8qY0SEi,45
qSaWq5Khmt,VDD8WsiCtM,59
qSaWq5Khmt,W2GuP0QCJd,52
qSaWq5Khmt,WbEpvF1Olv,30
qSaWq5Khmt,YDPr4367oU,68
qSaWq5Khmt,ZwnvP30tKQ,90
qSaWq5Khmt,f2y5YTLubI,78
qSaWq5Khmt,hKZxwsUEu4,77
qSaWq5Khmt,jqUu7vGArm,74
qSaWq5Khmt,mUGFAhI3md,59
qSaWq5Khmt,pGgT9pfY13,29
qSaWq5Khmt,ropVXdsf0o,6
qSaWq5Khmt,w30p16a35Y,149
qjAClhRo8T,6XlCvM3aaJ,75
qjAClhRo8T,6g87xRW3rx,76
qjAClhRo8T,9tEYU0Tu9v,47
qjAClhRo8T,EFcd2UX7iA,86
qjAClhRo8T,FIIDkWRYE8,81
qjAClhRo8T,IscGscr2jK,46
qjAClhRo8T,MiXZLCwsJK,58
qjAClhRo8T,P6dCuTfhL9,60
qjAClhRo8T,dczVfOKe0F,62
qjAClhRo8T,dwT3TQ907Y,66
qjAClhRo8T,hcFF1sLv1P,93
qjAClhRo8T,rArzTQgbq6,92
qjAClhRo8T,sGIYBPpSTY,16
rRMSF0EH7d,B7P3TPNxGs,78
rRMSF0EH7d,JKZMOG2ZPQ,64
rRMSF0EH7d,YDPr4367oU,68
rRMSF0EH7d,ZwnvP30tKQ,75
rRMSF0EH7d,f2y5YTLubI,71
rRMSF0EH7d,hKZxwsUEu4,83
rRMSF0EH7d,mUGFAhI3md,28
rRMSF0EH7d,pGgT9pfY13,48
rRMSF0EH7d,ropVXdsf0o,1
rRMSF0EH7d,w30p16a35Y,42
s8jX7v1r9L,30bCytC7WE,84
s8jX7v1r9L,34HpaB4gDt,49
s8jX7v1r9L,5ggiSZO7x8,27
s8jX7v1r9L,8ovYRO0ntq,91
s8jX7v1r9L,B7P3TPNxGs,58
s8jX7v1r9L,JKZMOG2ZPQ,35
s8jX7v1r9L,JmdWFmOl4h,52
s8jX7v1r9L,TWi8qY0SEi,39
s8jX7v1r9L,VDD8WsiCtM,77
s8jX7v1r9L,W2GuP0QCJd,88
s8jX7v1r9L,WbEpvF1Olv,98
s8jX7v1r9L,YDPr4367oU,64
s8jX7v1r9L,ZwnvP30tKQ,46
s8jX7v1r9L,f2y5YTLubI,80
s8jX7v1r9L,hKZxwsUEu4,76
s8jX7v1r9L,jqUu7vGArm,65
s8jX7v1r9L,mUGFAhI3md,36
s8jX7v1r9L,pGgT9pfY13,21
s8jX7v1r9L,ropVXdsf0o,1
s8jX7v1r9L,w30p16a35Y,120
stB2damzF1,2PbSzqIZKM,47
stB2damzF1,30bCytC7WE,34
stB2damzF1,34HpaB4gDt,67
stB2damzF1,5ggiSZO7x8,43
stB2damzF1,72ZdKO3gz4,50
stB2damzF1,8ovYRO0ntq,88
stB2damzF1,HSiN7nd3n6,124
stB2damzF1,JmdWFmOl4h,38
stB2damzF1,NGEFrY7B4w,94
stB2damzF1,Pw6oyjre67,41
stB2damzF1,Q3QNqMPOqc,22
stB2damzF1,TWi8qY0SEi,85
stB2damzF1,VDD8WsiCtM,57
stB2damzF1,W2GuP0QCJd,92
stB2damzF1,WbEpvF1Olv,29
stB2damzF1,irxkoWsh2w,28
stB2damzF1,jqUu7vGArm,54
stB2damzF1,kuY3dCWqbX,56
stB2damzF1,lz4LQFymve,70
stB2damzF1,xzdHpBtowO,7
tmil3gYi8I,2PbSzqIZKM,56
tmil3gYi8I,30bCytC7WE,25
tmil3gYi8I,34HpaB4gDt,99
tmil3gYi8I,5ggiSZO7x8,42
tmil3gYi8I,72ZdKO3gz4,54
tmil3gYi8I,8ovYRO0ntq,62
tmil3gYi8I,HSiN7nd3n6,120
tmil3gYi8I,JmdWFmOl4h,90
tmil3gYi8I,NGEFrY7B4w,55
tmil3gYi8I,Pw6oyjre67,41
tmil3gYi8I,Q3QNqMPOqc,22
tmil3gYi8I,TWi8qY0SEi,43
tmil3gYi8I,VDD8WsiCtM,74
tmil3gYi8I,W2GuP0QCJd,47
tmil3gYi8I,WbEpvF1Olv,80
tmil3gYi8I,irxkoWsh2w,58
tmil3gYi8I,jqUu7vGArm,97
tmil3gYi8I,kuY3dCWqbX,41
tmil3gYi8I,lz4LQFymve,92
tmil3gYi8I,xzdHpBtowO,3
tmt3aPs20s,594LbuZBRv,60
tmt3aPs20s,8MV9S7p9Rk,95
tmt3aPs20s,EbdPHQAUvI,103
tmt3aPs20s,FWmu610qT1,88
tmt3aPs20s,HoRJjBmfkT,144
tmt3aPs20s,KJCgLOvO49,96
tmt3aPs20s,KaDPuRlWHM,33
tmt3aPs20s,Qe08sCCtkf,1
tmt3aPs20s,T9LtdisnCO,96
tmt3aPs20s,cOgFV4CvSw,67
tmt3aPs20s,eMKsSbTaGJ,86
tmt3aPs20s,j3UXahLG7u,66
tmt3aPs20s,nIiBGMzaqI,63
tmt3aPs20s,pdUvgmB57W,83
tmt3aPs20s,tdd2gYuy2Q,64
tmt3aPs20s,wHkLv5EaIv,51
uZfhzJCf3Q,594LbuZBRv,86
uZfhzJCf3Q,8MV9S7p9Rk,30
uZfhzJCf3Q,EbdPHQAUvI,22
uZfhzJCf3Q,FWmu610qT1,64
uZfhzJCf3Q,HoRJjBmfkT,124
uZfhzJCf3Q,KJCgLOvO49,48
uZfhzJCf3Q,KaDPuRlWHM,38
uZfhzJCf3Q,Qe08sCCtkf,4
uZfhzJCf3Q,T9LtdisnCO,47
uZfhzJCf3Q,cOgFV4CvSw,98
uZfhzJCf3Q,eMKsSbTaGJ,32
uZfhzJCf3Q,j3UXahLG7u,55
uZfhzJCf3Q,nIiBGMzaqI,46
uZfhzJCf3Q,pdUvgmB57W,86
uZfhzJCf3Q,tdd2gYuy2Q,99
uZfhzJCf3Q,wHkLv5EaIv,48
ujARr06uDs,22CCBupmn1,88
ujARr06uDs,6S1gC0D99c,
ujARr06uDs,6XlCvM3aaJ,57
ujARr06uDs,7fHqljihO1,91
ujARr06uDs,EFcd2UX7iA,51
ujARr06uDs,FIIDkWRYE8,114
ujARr06uDs,P6dCuTfhL9,80
ujARr06uDs,dwT3TQ907Y,97
ujARr06uDs,gPT3Xxdacl,
ujARr06uDs,pupQhhRzA0,92
ujARr06uDs,rArzTQgbq6,85
ujARr06uDs,sGIYBPpSTY,22
ujARr06uDs,sWo96MatFm,98
ujARr06uDs,wBu4IQNg7h,66
v9ksRoAENe,6XlCvM3aaJ,93
v9ksRoAENe,6g87xRW3rx,90
v9ksRoAENe,9tEYU0Tu9v,90
v9ksRoAENe,EFcd2UX7iA,95
v9ksRoAENe,FIIDkWRYE8,77
v9ksRoAENe,IscGscr2jK,84
v9ksRoAENe,MiXZLCwsJK,81
v9ksRoAENe,P6dCuTfhL9,49
v9ksRoAENe,dczVfOKe0F,79
v9ksRoAENe,dwT3TQ907Y,81
v9ksRoAENe,hcFF1sLv1P,116
v9ksRoAENe,rArzTQgbq6,64
v9ksRoAENe,sGIYBPpSTY,36
vMCwbZJ5UI,594LbuZBRv,99
vMCwbZJ5UI,8MV9S7p9Rk,61
vMCwbZJ5UI,EbdPHQAUvI,68
vMCwbZJ5UI,FWmu610qT1,75
vMCwbZJ5UI,HoRJjBmfkT,77
vMCwbZJ5UI,KJCgLOvO49,93
vMCwbZJ5UI,KaDPuRlWHM,29
vMCwbZJ5UI,Qe08sCCtkf,7
vMCwbZJ5UI,T9LtdisnCO,85
vMCwbZJ5UI,cOgFV4CvSw,69
vMCwbZJ5UI,eMKsSbTaGJ,23
vMCwbZJ5UI,j3UXahLG7u,93
vMCwbZJ5UI,nIiBGMzaqI,68
vMCwbZJ5UI,pdUvgmB57W,70
vMCwbZJ5UI,tdd2gYuy2Q,85
vMCwbZJ5UI,wHkLv5EaIv,26
vrSPzDaBog,2PbSzqIZKM,51
vrSPzDaBog,30bCytC7WE,72
vrSPzDaBog,34HpaB4gDt,65
vrSPzDaBog,5ggiSZO7x8,46
vrSPzDaBog,72ZdKO3gz4,47
vrSPzDaBog,8ovYRO0ntq,75
vrSPzDaBog,HSiN7nd3n6,107
vrSPzDaBog,JmdWFmOl4h,40
vrSPzDaBog,NGEFrY7B4w,46
vrSPzDaBog,Pw6oyjre67,57
vrSPzDaBog,Q3QNqMPOqc,56
vrSPzDaBog,TWi8qY0SEi,88
vrSPzDaBog,VDD8WsiCtM,48
vrSPzDaBog,W2GuP0QCJd,76
vrSPzDaBog,WbEpvF1Olv,31
vrSPzDaBog,irxkoWsh2w,41
vrSPzDaBog,jqUu7vGArm,62
vrSPzDaBog,kuY3dCWqbX,33
vrSPzDaBog,lz4LQFymve,64
vrSPzDaBog,xzdHpBtowO,8
w4xX1lvTG7,30bCytC7WE,48
w4xX1lvTG7,34HpaB4gDt,58
w4xX1lvTG7,5ggiSZO7x8,62
w4xX1lvTG7,8ovYRO0ntq,83
w4xX1lvTG7,B7P3TPNxGs,86
w4xX1lvTG7,JKZMOG2ZPQ,39
w4xX1lvTG7,JmdWFmOl4h,93
w4xX1lvTG7,TWi8qY0SEi,62
w4xX1lvTG7,VDD8WsiCtM,75
w4xX1lvTG7,W2GuP0QCJd,89
w4xX1lvTG7,WbEpvF1Olv,47
w4xX1lvTG7,YDPr4367oU,92
w4xX1lvTG7,ZwnvP30tKQ,45
w4xX1lvTG7,f2y5YTLubI,68
w4xX1lvTG7,hKZxwsUEu4,99
w4xX1lvTG7,jqUu7vGArm,72
w4xX1lvTG7,mUGFAhI3md,30
w4xX1lvTG7,pGgT9pfY13,25
w4xX1lvTG7,ropVXdsf0o,3
w4xX1lvTG7,w30p16a35Y,47
wUSNkrt2i7,2wQQ933Qex,72
wUSNkrt2i7,6sEoqvfzYh,
wUSNkrt2i7,GimIAQoEhe,77
wUSNkrt2i7,N7X7CTZc0P,42
wUSNkrt2i7,Q5deudTxfL,
wUSNkrt2i7,duOVF9fyPU,63
wUSNkrt2i7,hLzOKunYUI,50
xrWlqSyLPV,6XlCvM3aaJ,72
xrWlqSyLPV,EFcd2UX7iA,99
xrWlqSyLPV,FIIDkWRYE8,68
xrWlqSyLPV,P6dCuTfhL9,100
xrWlqSyLPV,dwT3TQ907Y,98
xrWlqSyLPV,rArzTQgbq6,56
xrWlqSyLPV,sGIYBPpSTY,38
xshALL98rR,6g87xRW3rx,67
xshALL98rR,9tEYU0Tu9v,80
xshALL98rR,IscGscr2jK,98
xshALL98rR,MiXZLCwsJK,63
xshALL98rR,dczVfOKe0F,89
xshALL98rR,hcFF1sLv1P,103
yVEE6glmyP,2PbSzqIZKM,88
yVEE6glmyP,30bCytC7WE,45
yVEE6glmyP,34HpaB4gDt,26
yVEE6glmyP,5ggiSZO7x8,70
yVEE6glmyP,72ZdKO3gz4,67
yVEE6glmyP,8ovYRO0ntq,97
yVEE6glmyP,HSiN7nd3n6,45
yVEE6glmyP,JmdWFmOl4h,82
yVEE6glmyP,NGEFrY7B4w,52
yVEE6glmyP,Pw6oyjre67,20
yVEE6glmyP,Q3QNqMPOqc,29
yVEE6glmyP,TWi8qY0SEi,94
yVEE6glmyP,VDD8WsiCtM,56
yVEE6glmyP,W2GuP0QCJd,88
yVEE6glmyP,WbEpvF1Olv,80
yVEE6glmyP,irxkoWsh2w,82
yVEE6glmyP,jqUu7vGArm,55
yVEE6glmyP,kuY3dCWqbX,28
yVEE6glmyP,lz4LQFymve,90
yVEE6glmyP,xzdHpBtowO,1
ybgAEICak2,8MV9S7p9Rk,81
ybgAEICak2,EbdPHQAUvI,120
ybgAEICak2,FWmu610qT1,85
ybgAEICak2,KJCgLOvO49,37
ybgAEICak2,KaDPuRlWHM,60
ybgAEICak2,Qe08sCCtkf,3
ybgAEICak2,eMKsSbTaGJ,84
ybgAEICak2,pdUvgmB57W,29
ybgAEICak2,tdd2gYuy2Q,29
ybgAEICak2,wHkLv5EaIv,50
zMdmtuvTDn,2wQQ933Qex,69
zMdmtuvTDn,6sEoqvfzYh,
zMdmtuvTDn,GimIAQoEhe,85
zMdmtuvTDn,N7X7CTZc0P,43
zMdmtuvTDn,Q5deudTxfL,
zMdmtuvTDn,duOVF9fyPU,67
zMdmtuvTDn,hLzOKunYUI,70